{"cameraMode":{"drawMode":0,"name":"Shaded","section":"Shading Mode"},"sceneLighting":true,"audioPlay":false,"sceneViewState":{"m_AlwaysRefresh":false,"showFog":true,"showSkybox":true,"showFlares":true,"showImageEffects":true,"showParticleSystems":true,"showVisualEffectGraphs":true,"m_FxEnabled":true},"in2DMode":false,"pivot":{"x":-0.42796018719673159,"y":10.133001327514649,"z":-9.49126148223877},"rotation":{"x":0.19237636029720307,"y":0.2412426769733429,"z":-0.04885463789105415,"w":0.9499521851539612},"size":16.857990264892579,"orthographic":false}