{"cameraMode":{"drawMode":0,"name":"Shaded","section":"Shading Mode"},"sceneLighting":true,"audioPlay":false,"sceneViewState":{"m_AlwaysRefresh":false,"showFog":true,"showSkybox":true,"showFlares":true,"showImageEffects":true,"showParticleSystems":true,"showVisualEffectGraphs":true,"m_FxEnabled":true},"in2DMode":false,"pivot":{"x":0.2914697229862213,"y":7.94459867477417,"z":-2.573929786682129},"rotation":{"x":0.023054786026477815,"y":0.966637372970581,"z":-0.23717685043811799,"w":0.09396246820688248},"size":13.693243026733399,"orthographic":false}